"entry","group"
"entry1","abcde"
"entry2","abcdefg"
"entry3","abcdefghij"
"entry4","abcdefg"
"entry5","abcdef"
"entry6","h"
"entry8","abcde"
"entry9","abcdfghij"
"entry10","hij"
"entry11","abcdefg"
"entry12","fghij"
"entry13","abcdefghij"
"entry14","abde"
"entry15","abcdefg"
"entry16","abcdefg"
"entry17","abcdefgi"
"entry18","acfghij"
"entry20","bde"
"entry21","abcdefg"
"entry22","abcdefghij"
"entry23","abcdefghij"
"entry24","abcdefg"
"entry25","abcdfghij"
"entry26","e"
"entry27","abcdefgij"
"entry28","abcdefghij"
"entry29","abcdfghij"
"entry30","abcfghij"
"entry31","cfghij"
"entry32","de"
"entry33","abcdefgi"
"entry34","abcdefgij"
"entry35","abcdefgij"
"entry36","abcdefghij"
"entry37","abcdefg"
"entry40","abcdefgij"
"entry41","ghij"
"entry42","abcdefghij"
"entry43","hj"
"entry44","fghij"
"entry45","abcdefgi"
"entry46","abcdfghij"
